GID_1,NAME_1,year,iso,gdp_county,pop_county,grid_rows,gdppc_county,ln_gdppc_county
KEN.1_1,Baringo,2012,KEN,4.943228211593941,1152749.0,5.0,4288.208631362023,8.363624356269
KEN.1_1,Baringo,2013,KEN,5.4164154810196985,1181639.0,5.0,4583.815768622818,8.430287067495923
KEN.1_1,Baringo,2014,KEN,5.714862286778549,1202590.0,5.0,4752.128561503545,8.46634791486498
KEN.1_1,Baringo,2015,KEN,5.912954765748713,1212536.0,5.0,4876.51893696246,8.492186911714786
KEN.1_1,Baringo,2016,KEN,6.1494027559872615,1227263.0,5.0,5010.664181994619,8.519323756548529
KEN.1_1,Baringo,2017,KEN,5.386219617303903,1176044.0,5.0,4579.9473636223665,8.429442784383317
KEN.1_1,Baringo,2018,KEN,5.9628267984447625,1201155.0,5.0,4964.244246949613,8.510016348770286
KEN.1_1,Baringo,2019,KEN,6.20728301825668,1219903.0,5.0,5088.341465064584,8.534707214612514
KEN.1_1,Baringo,2020,KEN,6.233133292948667,1291368.0,5.0,4826.7676548812315,8.481932300025345
KEN.1_1,Baringo,2021,KEN,6.845650427364594,1317169.0,5.0,5197.245324908645,8.555884018995075
KEN.2_1,Bomet,2012,KEN,4.22640607565878,1056867.0,1.0,3998.9952147798917,8.293798412241925
KEN.2_1,Bomet,2013,KEN,4.44194197910457,1083053.0,1.0,4101.315428796715,8.319063037527323
KEN.2_1,Bomet,2014,KEN,4.71509054975097,1103267.0,1.0,4273.752908181764,8.360247621428686
KEN.2_1,Bomet,2015,KEN,4.88574750685953,1119408.0,1.0,4364.58155280249,8.381277599486568
KEN.2_1,Bomet,2016,KEN,5.12892007045686,1139057.0,1.0,4502.777359216317,8.412449676311375
KEN.2_1,Bomet,2017,KEN,5.23123942499125,1208022.0,1.0,4330.417347524507,8.373419201461376
KEN.2_1,Bomet,2018,KEN,6.25837198127169,1250930.0,1.0,5002.975371341075,8.51778808869797
KEN.2_1,Bomet,2019,KEN,6.31234652499788,1250111.0,1.0,5049.428830718136,8.527030413044706
KEN.2_1,Bomet,2020,KEN,6.20629701734703,1301014.0,1.0,4770.353752801299,8.470175743145372
KEN.2_1,Bomet,2021,KEN,6.62121559699097,1329666.0,1.0,4979.608109849368,8.513106474120926
KEN.3_1,Bungoma,2012,KEN,3.5883966416293545,1417697.0,2.0,2531.1449778262595,7.836427039752627
KEN.3_1,Bungoma,2013,KEN,3.786366725045713,1453054.0,2.0,2605.7990446643503,7.865494642149818
KEN.3_1,Bungoma,2014,KEN,3.8936438048480357,1487122.0,2.0,2618.24100836921,7.870258000433364
KEN.3_1,Bungoma,2015,KEN,4.188369987420969,1522747.0,2.0,2750.535701216925,7.919550972131993
KEN.3_1,Bungoma,2016,KEN,4.592930640369071,1563346.0,2.0,2937.8849214243496,7.985445186948436
KEN.3_1,Bungoma,2017,KEN,4.495158342820975,1539103.0,2.0,2920.6351640020034,7.97955639352636
KEN.3_1,Bungoma,2018,KEN,4.993841387522368,1588562.0,2.0,3143.6238481862006,8.053131505229372
KEN.3_1,Bungoma,2019,KEN,5.424479373901528,1397854.0,2.0,3880.576493612014,8.26373900240812
KEN.3_1,Bungoma,2020,KEN,5.5351812821611555,1436821.0,2.0,3852.380555518854,8.256446562305799
KEN.3_1,Bungoma,2021,KEN,5.983036247251532,1464981.0,2.0,4084.0367535493856,8.31484117864401
KEN.4_1,Busia,2012,KEN,1.3784020936993053,573511.0,2.0,2403.444909861023,7.784658366272921
KEN.4_1,Busia,2013,KEN,1.428109479657022,587817.0,2.0,2429.513742639328,7.795446410400993
KEN.4_1,Busia,2014,KEN,1.4798461088986459,596753.0,2.0,2479.8301959079317,7.815945367422929
KEN.4_1,Busia,2015,KEN,1.5342823633525817,605111.0,2.0,2535.538708356949,7.838161401676202
KEN.4_1,Busia,2016,KEN,1.6654477520661075,614541.0,2.0,2710.067761249628,7.904728917712302
KEN.4_1,Busia,2017,KEN,1.9472452849074582,596662.0,2.0,3263.56510873402,8.090575468461223
KEN.4_1,Busia,2018,KEN,2.349531528814201,603817.0,2.0,3891.131797902678,8.266455344912224
KEN.4_1,Busia,2019,KEN,2.488615021102984,582934.0,2.0,4269.119696402996,8.359162924875783
KEN.4_1,Busia,2020,KEN,2.643087641282325,599465.0,2.0,4409.07749623802,8.391420762032231
KEN.4_1,Busia,2021,KEN,2.819738664373241,611057.0,2.0,4614.526409767404,8.436964521902475
KEN.5_1,Elgeyo-Marakwet,2012,KEN,,,,,
KEN.5_1,Elgeyo-Marakwet,2013,KEN,,,,,
KEN.5_1,Elgeyo-Marakwet,2014,KEN,,,,,
KEN.5_1,Elgeyo-Marakwet,2015,KEN,,,,,
KEN.5_1,Elgeyo-Marakwet,2016,KEN,,,,,
KEN.5_1,Elgeyo-Marakwet,2017,KEN,,,,,
KEN.5_1,Elgeyo-Marakwet,2018,KEN,,,,,
KEN.5_1,Elgeyo-Marakwet,2019,KEN,,,,,
KEN.5_1,Elgeyo-Marakwet,2020,KEN,,,,,
KEN.5_1,Elgeyo-Marakwet,2021,KEN,,,,,
KEN.6_1,Embu,2012,KEN,1.25980358012985,312121.0,1.0,4036.266640597236,8.303075444850542
KEN.6_1,Embu,2013,KEN,1.28861890752393,319882.0,1.0,4028.4195657271434,8.301129410709654
KEN.6_1,Embu,2014,KEN,1.35521323566561,328153.0,1.0,4129.821259185836,8.325989406371033
KEN.6_1,Embu,2015,KEN,1.38123351340429,334618.0,1.0,4127.792029730289,8.32549792549747
KEN.6_1,Embu,2016,KEN,1.40232708480255,342971.0,1.0,4088.762854009669,8.315997722598107
KEN.6_1,Embu,2017,KEN,1.12325718212911,290297.0,1.0,3869.3378923278915,8.26083868413296
KEN.6_1,Embu,2018,KEN,1.10868873282336,293568.0,1.0,3776.599400559189,8.236579254222471
KEN.6_1,Embu,2019,KEN,1.23046614733247,307051.0,1.0,4007.367334196828,8.295889779555665
KEN.6_1,Embu,2020,KEN,1.23121662058397,322400.0,1.0,3818.9101134738526,8.247720350282867
KEN.6_1,Embu,2021,KEN,1.30531796514497,328641.0,1.0,3971.8658510197142,8.286991250934024
KEN.7_1,Garissa,2012,KEN,1.3026971028320333,555297.0,17.0,2345.946588640013,7.760444261963632
KEN.7_1,Garissa,2013,KEN,1.3775776458820024,561771.0,17.0,2452.2049836712868,7.804742892122821
KEN.7_1,Garissa,2014,KEN,1.3275940867013662,565329.0,17.0,2348.3565971343523,7.761471042131294
KEN.7_1,Garissa,2015,KEN,1.4487779894866517,571185.0,17.0,2536.4426402770587,7.838517843022314
KEN.7_1,Garissa,2016,KEN,1.6100679205342623,569909.0,17.0,2825.131592121307,7.946310223777545
KEN.7_1,Garissa,2017,KEN,1.7140024300150933,543940.0,17.0,3151.087307451361,8.0555028492285
KEN.7_1,Garissa,2018,KEN,1.6706319048004534,535574.0,17.0,3119.329737441424,8.045373429981609
KEN.7_1,Garissa,2019,KEN,1.9401231176301226,597751.0,17.0,3245.7045117952503,8.085087712444551
KEN.7_1,Garissa,2020,KEN,2.0719199971351663,601298.0,17.0,3445.7456986970956,8.144895618281552
KEN.7_1,Garissa,2021,KEN,2.2144578050226986,609857.0,17.0,3631.1099241669745,8.197293644755867
KEN.8_1,Homa Bay,2012,KEN,1.304069211853509,532369.0,3.0,2449.5588808768152,7.803663238706366
KEN.8_1,Homa Bay,2013,KEN,1.3802491568177695,545630.0,3.0,2529.6430856400298,7.835833498900299
KEN.8_1,Homa Bay,2014,KEN,1.4356953721137626,561124.0,3.0,2558.606247663195,7.847217954708764
KEN.8_1,Homa Bay,2015,KEN,1.5592788365639338,582432.0,3.0,2677.186069041423,7.892521547657526
KEN.8_1,Homa Bay,2016,KEN,1.6223843571597978,598951.0,3.0,2708.7096559815373,7.90422765877806
KEN.8_1,Homa Bay,2017,KEN,1.6754221902822886,588260.0,3.0,2848.0981033595494,7.9544067183429386
KEN.8_1,Homa Bay,2018,KEN,1.7281960231411575,601123.0,3.0,2874.9457650782906,7.963789088732923
KEN.8_1,Homa Bay,2019,KEN,2.3425981033159005,711346.0,3.0,3293.190800701628,8.099612221998052
KEN.8_1,Homa Bay,2020,KEN,2.46311002116576,729181.0,3.0,3377.9130574792266,8.125013359167731
KEN.8_1,Homa Bay,2021,KEN,2.635388257249897,743595.0,3.0,3544.1177754690348,8.173044543528611
KEN.9_1,Isiolo,2012,KEN,0.8366579093966732,299752.0,8.0,2791.1670627607928,7.934215089416293
KEN.9_1,Isiolo,2013,KEN,0.8404954882475738,307693.0,8.0,2731.604190695186,7.912644331239801
KEN.9_1,Isiolo,2014,KEN,0.922120465466138,306981.0,8.0,3003.8356297820974,8.00764529427051
KEN.9_1,Isiolo,2015,KEN,0.9346662625604635,305538.0,8.0,3059.0835266332288,8.025870648986762
KEN.9_1,Isiolo,2016,KEN,0.9605337626534134,310874.0,8.0,3089.784808808113,8.03585672630431
KEN.9_1,Isiolo,2017,KEN,1.2617615214536095,458558.0,8.0,2751.5854514665743,7.919932552338337
KEN.9_1,Isiolo,2018,KEN,1.43593471737974,471483.0,8.0,3045.5705028171537,8.021443519841833
KEN.9_1,Isiolo,2019,KEN,1.6264264615162738,505709.0,8.0,3216.131137702263,8.075934406116225
KEN.9_1,Isiolo,2020,KEN,1.6085202522663593,518364.0,8.0,3103.070915932355,8.040147518177678
KEN.9_1,Isiolo,2021,KEN,1.7074406660247514,528619.0,8.0,3230.002451718064,8.080238175262254
KEN.10_1,Kajiado,2012,KEN,1.6960878587896082,465198.0,8.0,3645.948303280771,8.201371776114708
KEN.10_1,Kajiado,2013,KEN,1.751325932815636,476034.0,8.0,3678.9933761362345,8.21039445465092
KEN.10_1,Kajiado,2014,KEN,1.7140097890835193,463631.0,8.0,3696.9266271744536,8.215257112154468
KEN.10_1,Kajiado,2015,KEN,1.8851751644478463,476939.0,8.0,3952.654667468683,8.282142699872386
KEN.10_1,Kajiado,2016,KEN,1.8875814776013158,490968.0,8.0,3844.612026855754,8.254427973560174
KEN.10_1,Kajiado,2017,KEN,1.7466103571866434,484031.0,8.0,3608.467964214365,8.191038574605209
KEN.10_1,Kajiado,2018,KEN,1.9276325225505937,498031.0,8.0,3870.5071020691353,8.261140811565998
KEN.10_1,Kajiado,2019,KEN,2.585484297028925,645659.0,8.0,4004.411457176195,8.295151896688022
KEN.10_1,Kajiado,2020,KEN,2.7489780688692314,650950.0,8.0,4223.024915691269,8.348306954914472
KEN.10_1,Kajiado,2021,KEN,2.9657534296414383,665364.0,8.0,4457.339786404793,8.402307406613456
KEN.11_1,Kakamega,2012,KEN,4.85151726025928,1832457.0,1.0,2647.5476697457457,7.88138908288315
KEN.11_1,Kakamega,2013,KEN,5.40121296004915,1877962.0,1.0,2876.103435558946,7.964191683270338
KEN.11_1,Kakamega,2014,KEN,5.69152976744821,1939861.0,1.0,2933.988449403442,7.984118021886535
KEN.11_1,Kakamega,2015,KEN,6.06061620248897,2002323.0,1.0,3026.7924817769012,8.015258750932288
KEN.11_1,Kakamega,2016,KEN,6.31069103005934,2065679.0,1.0,3055.0201798340113,8.024541477094195
KEN.11_1,Kakamega,2017,KEN,6.73317852967279,2307669.0,1.0,2917.7401653672123,7.978564679664629
KEN.11_1,Kakamega,2018,KEN,7.40279146001129,2354767.0,1.0,3143.746901502904,8.053170648242126
KEN.11_1,Kakamega,2019,KEN,7.73168467115568,2172609.0,1.0,3558.709676318049,8.177153307672569
KEN.11_1,Kakamega,2020,KEN,7.47857200888998,2226954.0,1.0,3358.20677431594,8.11916241236946
KEN.11_1,Kakamega,2021,KEN,8.03982947418018,2270647.0,1.0,3540.7659024851423,8.17209833936032
KEN.12_1,Kericho,2012,KEN,3.74125515144103,885531.0,1.0,4224.872027564286,8.348744249998646
KEN.12_1,Kericho,2013,KEN,3.79273738074644,907538.0,1.0,4179.149942753295,8.337863141860067
KEN.12_1,Kericho,2014,KEN,3.99402335535474,919412.0,1.0,4344.106184555716,8.376575305273521
KEN.12_1,Kericho,2015,KEN,4.19645007169598,924047.0,1.0,4541.381630691923,8.420986568679208
KEN.12_1,Kericho,2016,KEN,4.41243753697335,934141.0,1.0,4723.524111427878,8.460310433764358
KEN.12_1,Kericho,2017,KEN,4.3497227651433,974019.0,1.0,4465.747346964792,8.404191858243792
KEN.12_1,Kericho,2018,KEN,4.61595780671708,993862.0,1.0,4644.4655361781415,8.443431582448692
KEN.12_1,Kericho,2019,KEN,4.50908930713716,969090.0,1.0,4652.91077932613,8.44524827679
KEN.12_1,Kericho,2020,KEN,4.35590130115869,989637.0,1.0,4401.514192738035,8.389703895418773
KEN.12_1,Kericho,2021,KEN,4.61806597936488,1005430.0,1.0,4593.12530893735,8.432315966543953
KEN.13_1,Kiambu,2012,KEN,,,,,
KEN.13_1,Kiambu,2013,KEN,,,,,
KEN.13_1,Kiambu,2014,KEN,,,,,
KEN.13_1,Kiambu,2015,KEN,,,,,
KEN.13_1,Kiambu,2016,KEN,,,,,
KEN.13_1,Kiambu,2017,KEN,,,,,
KEN.13_1,Kiambu,2018,KEN,,,,,
KEN.13_1,Kiambu,2019,KEN,,,,,
KEN.13_1,Kiambu,2020,KEN,,,,,
KEN.13_1,Kiambu,2021,KEN,,,,,
KEN.14_1,Kilifi,2012,KEN,3.667386967932345,1166301.0,6.0,3144.4601075814435,8.053397487492349
KEN.14_1,Kilifi,2013,KEN,3.8863798070169358,1203811.0,6.0,3228.3969884117487,8.07974100460743
KEN.14_1,Kilifi,2014,KEN,4.008400284977472,1234463.0,6.0,3247.0801352308426,8.085511451573742
KEN.14_1,Kilifi,2015,KEN,4.166996585586191,1261322.0,6.0,3303.6739116468207,8.102790434748046
KEN.14_1,Kilifi,2016,KEN,4.627774977718708,1285378.0,6.0,3600.322222504748,8.188778626690075
KEN.14_1,Kilifi,2017,KEN,4.482345596309245,1345775.0,6.0,3330.6797914281697,8.110931703710456
KEN.14_1,Kilifi,2018,KEN,4.895454380209894,1374736.0,6.0,3561.014173055695,8.177800663347279
KEN.14_1,Kilifi,2019,KEN,5.714357083012841,1495886.0,6.0,3820.048508384222,8.248018400049896
KEN.14_1,Kilifi,2020,KEN,6.211877546522963,1554063.0,6.0,3997.185150488084,8.29334568000227
KEN.14_1,Kilifi,2021,KEN,6.728664621532183,1584527.0,6.0,4246.4815187953145,8.35384604110776
KEN.15_1,Kirinyaga,2012,KEN,,,,,
KEN.15_1,Kirinyaga,2013,KEN,,,,,
KEN.15_1,Kirinyaga,2014,KEN,,,,,
KEN.15_1,Kirinyaga,2015,KEN,,,,,
KEN.15_1,Kirinyaga,2016,KEN,,,,,
KEN.15_1,Kirinyaga,2017,KEN,,,,,
KEN.15_1,Kirinyaga,2018,KEN,,,,,
KEN.15_1,Kirinyaga,2019,KEN,,,,,
KEN.15_1,Kirinyaga,2020,KEN,,,,,
KEN.15_1,Kirinyaga,2021,KEN,,,,,
KEN.16_1,Kisii,2012,KEN,5.57968727096989,2082179.0,1.0,2679.7346774556318,7.893473067654594
KEN.16_1,Kisii,2013,KEN,6.10474299582955,2133881.0,1.0,2860.863841905688,7.958878900832574
KEN.16_1,Kisii,2014,KEN,6.91870935337838,2203472.0,1.0,3139.9125350258046,8.051950223427015
KEN.16_1,Kisii,2015,KEN,7.1679242194325,2270216.0,1.0,3157.375430105549,8.057496401381643
KEN.16_1,Kisii,2016,KEN,7.5480902724795,2338687.0,1.0,3227.49058445166,8.079460205428134
KEN.16_1,Kisii,2017,KEN,7.84116909945816,2455963.0,1.0,3192.7065267099542,8.068624277031208
KEN.16_1,Kisii,2018,KEN,8.51189186325611,2507082.0,1.0,3395.1389955558334,8.130099980408286
KEN.16_1,Kisii,2019,KEN,8.56987076189067,2037265.0,1.0,4206.5567129905385,8.344399709127616
KEN.16_1,Kisii,2020,KEN,8.17431246354871,2088730.0,1.0,3913.532368256648,8.272195664133559
KEN.16_1,Kisii,2021,KEN,8.74298941873274,2129558.0,1.0,4105.541816063587,8.320093002473563
KEN.17_1,Kisumu,2012,KEN,5.07887297130143,1200540.0,1.0,4230.490422061264,8.35007320434149
KEN.17_1,Kisumu,2013,KEN,4.9710664387838,1230304.0,1.0,4040.518797617337,8.30412837796248
KEN.17_1,Kisumu,2014,KEN,5.33675070645571,1255859.0,1.0,4249.482391300066,8.354552464219086
KEN.17_1,Kisumu,2015,KEN,5.57373543186905,1277171.0,1.0,4364.126206959796,8.381173266553072
KEN.17_1,Kisumu,2016,KEN,5.8475635824233,1301781.0,1.0,4491.9718312245295,8.410047044962566
KEN.17_1,Kisumu,2017,KEN,5.2898160409359,1211933.0,1.0,4364.775974361536,8.3813221437863
KEN.17_1,Kisumu,2018,KEN,5.12650865053642,1238102.0,1.0,4140.61898820648,8.328600569702783
KEN.17_1,Kisumu,2019,KEN,5.03818456045672,1190798.0,1.0,4230.931325427756,8.35017741930206
KEN.17_1,Kisumu,2020,KEN,4.79054038555406,1217868.0,1.0,3933.546480861686,8.277296710367
KEN.17_1,Kisumu,2021,KEN,5.04586139604348,1241743.0,1.0,4063.5311783867355,8.30980762295495
KEN.18_1,Kitui,2012,KEN,3.390016747746604,1259652.0,11.0,2691.2327752002966,7.897754648360942
KEN.18_1,Kitui,2013,KEN,3.470379825290392,1291305.0,11.0,2687.498170680352,7.896365991758608
KEN.18_1,Kitui,2014,KEN,3.8370834291020994,1305565.0,11.0,2939.021365540666,7.985831936055871
KEN.18_1,Kitui,2015,KEN,3.8359604948778014,1317758.0,11.0,2910.9749247417217,7.976243329741406
KEN.18_1,Kitui,2016,KEN,4.1316267000272395,1340119.0,11.0,3083.029716038083,8.033668066515691
KEN.18_1,Kitui,2017,KEN,4.151121164429501,1382487.0,11.0,3002.6475217701873,8.0072496857264
KEN.18_1,Kitui,2018,KEN,4.4630562220147505,1426559.0,11.0,3128.5465389197016,8.04832381112119
KEN.18_1,Kitui,2019,KEN,4.7100873237243395,1360596.0,11.0,3461.782427498199,8.149538887862423
KEN.18_1,Kitui,2020,KEN,4.512102108146851,1374240.0,11.0,3283.343599478149,8.09661757223775
KEN.18_1,Kitui,2021,KEN,4.798450967057551,1404467.0,11.0,3416.5636978708303,8.136390558235773
KEN.19_1,Kwale,2012,KEN,10.160983646167367,1549183.0,6.0,6558.930511222603,8.78858283682118
KEN.19_1,Kwale,2013,KEN,10.123250671231304,1577938.0,6.0,6415.493302798528,8.766471172425016
KEN.19_1,Kwale,2014,KEN,9.546836882233755,1619358.0,6.0,5895.44552979252,8.681935387688577
KEN.19_1,Kwale,2015,KEN,10.43799452134176,1653335.0,6.0,6313.296773697865,8.750413287194242
KEN.19_1,Kwale,2016,KEN,11.005126404675229,1702704.0,6.0,6463.3232814835865,8.773898904355969
KEN.19_1,Kwale,2017,KEN,11.55370254370379,1708871.0,6.0,6761.015046603161,8.818928312587856
KEN.19_1,Kwale,2018,KEN,12.117974324366863,1744370.0,6.0,6946.90594562327,8.846051651753276
KEN.19_1,Kwale,2019,KEN,13.044239841073182,1898871.0,6.0,6869.471302196505,8.83484242478726
KEN.19_1,Kwale,2020,KEN,12.997607797906113,1940069.0,6.0,6699.559550668617,8.809797064511997
KEN.19_1,Kwale,2021,KEN,14.060843351461562,1978150.0,6.0,7108.077421561339,8.868987081387612
KEN.20_1,Laikipia,2012,KEN,1.41168315234641,392774.0,3.0,3594.1359467439547,8.18705889265593
KEN.20_1,Laikipia,2013,KEN,1.4107802271645982,402482.0,3.0,3505.2007969663196,8.16200308654853
KEN.20_1,Laikipia,2014,KEN,1.5433447343582,389500.0,3.0,3962.3741575306803,8.284598659329351
KEN.20_1,Laikipia,2015,KEN,1.589407069753776,374262.0,3.0,4246.776508846146,8.35391550562891
KEN.20_1,Laikipia,2016,KEN,1.8207696450600679,374920.0,3.0,4856.421756801632,8.488057181686479
KEN.20_1,Laikipia,2017,KEN,1.673115944968348,376849.0,3.0,4439.751584768297,8.398353704484537
KEN.20_1,Laikipia,2018,KEN,1.7282642950832998,362444.0,3.0,4768.3622713668865,8.46975818559186
KEN.20_1,Laikipia,2019,KEN,1.8076950917002002,386100.0,3.0,4681.934969438487,8.451466758470946
KEN.20_1,Laikipia,2020,KEN,1.705388025157134,380162.0,3.0,4485.9507924441,8.408705745881361
KEN.20_1,Laikipia,2021,KEN,1.6787188273315932,387584.0,3.0,4331.23871814005,8.373608858176391
KEN.21_1,Lamu,2012,KEN,0.40737535917920603,65345.0,3.0,6234.223876030393,8.737809371782296
KEN.21_1,Lamu,2013,KEN,0.34999127523319956,66950.0,3.0,5227.651609159067,8.561717433112566
KEN.21_1,Lamu,2014,KEN,0.4056774818959197,67046.0,3.0,6050.733554513613,8.707934792354797
KEN.21_1,Lamu,2015,KEN,0.4379831678309295,66414.0,3.0,6594.741588082777,8.794027881378854
KEN.21_1,Lamu,2016,KEN,0.48184649124402956,67595.0,3.0,7128.433926237585,8.871846843593715
KEN.21_1,Lamu,2017,KEN,0.3153259978193731,58283.0,3.0,5410.256812781996,8.596051840729018
KEN.21_1,Lamu,2018,KEN,0.3799129060696881,63207.0,3.0,6010.614426719953,8.701282256366929
KEN.21_1,Lamu,2019,KEN,0.4665991211032255,73909.0,3.0,6313.15700527981,8.750391148211989
KEN.21_1,Lamu,2020,KEN,0.47345686321724,74560.0,3.0,6350.011577484443,8.756211915110972
KEN.21_1,Lamu,2021,KEN,0.48760422722442026,76008.0,3.0,6415.169814025106,8.766420748098456
KEN.22_1,Machakos,2012,KEN,4.63253177692685,867168.0,1.0,5342.1387515762235,8.583381367045853
KEN.22_1,Machakos,2013,KEN,4.49574314036794,888736.0,1.0,5058.581108864658,8.528841309690506
KEN.22_1,Machakos,2014,KEN,5.08350505614291,871542.0,1.0,5832.771175850286,8.671247496745387
KEN.22_1,Machakos,2015,KEN,4.83595805698121,875876.0,1.0,5521.281616326067,8.616365289192927
KEN.22_1,Machakos,2016,KEN,4.47818501031523,889001.0,1.0,5037.322804265946,8.524630030304449
KEN.22_1,Machakos,2017,KEN,5.22479026407865,949475.0,1.0,5502.820257593566,8.613016013904765
KEN.22_1,Machakos,2018,KEN,5.98273918226709,973070.0,1.0,6148.313258313472,8.72393305624161
KEN.22_1,Machakos,2019,KEN,6.30481324310704,1092577.0,1.0,5770.589389221116,8.66052950146418
KEN.22_1,Machakos,2020,KEN,6.37226972793079,1116880.0,1.0,5705.420213389792,8.649171916619526
KEN.22_1,Machakos,2021,KEN,6.82524108363449,1137691.0,1.0,5999.204602686045,8.699382173203523
KEN.23_1,Makueni,2012,KEN,3.619687205516544,1177303.0,3.0,3074.5587206662553,8.030916664468334
KEN.23_1,Makueni,2013,KEN,3.710741831628194,1206595.0,3.0,3075.3830669182234,8.031184747089398
KEN.23_1,Makueni,2014,KEN,3.967890844653771,1219196.0,3.0,3254.514323089783,8.087798334013598
KEN.23_1,Makueni,2015,KEN,4.14196009325656,1241127.0,3.0,3337.2572615506388,8.112904569441973
KEN.23_1,Makueni,2016,KEN,4.379908030843229,1269390.0,3.0,3450.4037615257944,8.146246535503975
KEN.23_1,Makueni,2017,KEN,4.276674018836652,1257018.0,3.0,3402.2376917726338,8.13218863876106
KEN.23_1,Makueni,2018,KEN,4.463641173001319,1291746.0,3.0,3455.509963260052,8.147725326832184
KEN.23_1,Makueni,2019,KEN,4.5710109338515705,1254241.0,3.0,3644.443877892343,8.200959061579635
KEN.23_1,Makueni,2020,KEN,4.517104093544913,1265512.0,3.0,3569.3885901871445,8.180149596853559
KEN.23_1,Makueni,2021,KEN,4.803474090784098,1284647.0,3.0,3739.139305026282,8.226610731578152
KEN.24_1,Mandera,2012,KEN,1.2305031805305895,1009847.0,15.0,1218.504566068513,7.105379620344668
KEN.24_1,Mandera,2013,KEN,1.3471294002967675,1039734.0,15.0,1295.6481179770667,7.1667663261390615
KEN.24_1,Mandera,2014,KEN,1.1497879463085057,1068263.0,15.0,1076.3154263589638,6.9812988449362505
KEN.24_1,Mandera,2015,KEN,1.136298970164904,1091035.0,15.0,1041.4871843386363,6.948404955621609
KEN.24_1,Mandera,2016,KEN,1.337828756640837,1130714.0,15.0,1183.1716567061494,7.0759539563312295
KEN.24_1,Mandera,2017,KEN,2.024423121724721,1162891.0,15.0,1740.85371864149,7.462130914780113
KEN.24_1,Mandera,2018,KEN,2.039268189285628,1187457.0,15.0,1717.3406609970953,7.448532245991931
KEN.24_1,Mandera,2019,KEN,2.000932610028448,843187.0,15.0,2373.0591316379973,7.771935174641104
KEN.24_1,Mandera,2020,KEN,1.8392869896601467,874914.0,15.0,2102.2488949315552,7.6507629530530075
KEN.24_1,Mandera,2021,KEN,2.1162232903860665,885525.0,15.0,2389.7950824494696,7.778962901688819
KEN.25_1,Marsabit,2012,KEN,0.9079037206226701,345370.0,29.0,2628.7857098840955,7.874277311283786
KEN.25_1,Marsabit,2013,KEN,0.9266387677178293,352794.0,29.0,2626.57178896985,7.8734347725808735
KEN.25_1,Marsabit,2014,KEN,0.9834723782336927,359602.0,29.0,2734.8912915770566,7.913846966927956
KEN.25_1,Marsabit,2015,KEN,1.003926409318871,361636.0,29.0,2776.068779985596,7.92879109797163
KEN.25_1,Marsabit,2016,KEN,1.0215169206225476,368137.0,29.0,2774.828177071437,7.92834410609107
KEN.25_1,Marsabit,2017,KEN,1.1989247974608264,360797.0,29.0,3322.9899291314127,8.108620237694394
KEN.25_1,Marsabit,2018,KEN,1.2112689084544421,368057.0,29.0,3290.9818545889416,8.09894123528151
KEN.25_1,Marsabit,2019,KEN,1.5480095238433065,476285.0,29.0,3250.1748403651313,8.0864640709122
KEN.25_1,Marsabit,2020,KEN,1.6347831912168376,509154.0,29.0,3210.7833606665913,8.074270223942571
KEN.25_1,Marsabit,2021,KEN,1.8544772189344139,521059.0,29.0,3559.0541933531786,8.177250112523561
KEN.26_1,Meru,2012,KEN,2.98320709974511,845549.0,1.0,3528.1303623386816,8.168523367220288
KEN.26_1,Meru,2013,KEN,3.18664403475807,866136.0,1.0,3679.1497348661987,8.210436954158643
KEN.26_1,Meru,2014,KEN,3.24872188483916,923134.0,1.0,3519.231102785901,8.16599780802282
KEN.26_1,Meru,2015,KEN,3.49058018542087,950943.0,1.0,3670.6513275988887,8.208124398762251
KEN.26_1,Meru,2016,KEN,3.67169616490518,970585.0,1.0,3782.9722949614716,8.238265301043292
KEN.26_1,Meru,2017,KEN,3.74093502944732,947245.0,1.0,3949.279256630882,8.281288374570373
KEN.26_1,Meru,2018,KEN,3.97325263405205,971221.0,1.0,4090.9871533379633,8.316541577699086
KEN.26_1,Meru,2019,KEN,4.16904322909662,982927.0,1.0,4241.457635304168,8.352662271057902
KEN.26_1,Meru,2020,KEN,4.36105766856663,1098311.0,1.0,3970.6947017435227,8.286696346217365
KEN.26_1,Meru,2021,KEN,4.81553652421923,1121262.0,1.0,4294.746922859447,8.365147909017434
KEN.27_1,Migori,2012,KEN,0.708842772389982,308273.0,1.0,2299.3994686202877,7.74040326722467
KEN.27_1,Migori,2013,KEN,0.78058631014951,315733.0,1.0,2472.2987782382897,7.8129036762571245
KEN.27_1,Migori,2014,KEN,0.767167085494529,313964.0,1.0,2443.4874236999435,7.80118156985839
KEN.27_1,Migori,2015,KEN,0.807751337712023,307238.0,1.0,2629.0736748449835,7.874386848241739
KEN.27_1,Migori,2016,KEN,0.854166030228628,304785.0,1.0,2802.5199082258905,7.938274258659136
KEN.27_1,Migori,2017,KEN,0.880457603430593,354431.0,1.0,2484.1438909987924,7.817683368508827
KEN.27_1,Migori,2018,KEN,0.987967969829272,352291.0,1.0,2804.408769537888,7.938948018391783
KEN.27_1,Migori,2019,KEN,1.688683392135,496407.0,1.0,3401.8122067879785,8.132063570605606
KEN.27_1,Migori,2020,KEN,1.7998935026872,500387.0,1.0,3597.0029251103647,8.187856256903624
KEN.27_1,Migori,2021,KEN,1.9564234325149,509791.0,1.0,3837.6970807936978,8.252627747135367
KEN.28_1,Mombasa,2012,KEN,,,,,
KEN.28_1,Mombasa,2013,KEN,,,,,
KEN.28_1,Mombasa,2014,KEN,,,,,
KEN.28_1,Mombasa,2015,KEN,,,,,
KEN.28_1,Mombasa,2016,KEN,,,,,
KEN.28_1,Mombasa,2017,KEN,,,,,
KEN.28_1,Mombasa,2018,KEN,,,,,
KEN.28_1,Mombasa,2019,KEN,,,,,
KEN.28_1,Mombasa,2020,KEN,,,,,
KEN.28_1,Mombasa,2021,KEN,,,,,
KEN.29_1,Murang'a,2012,KEN,9.60414246560596,2162203.0,2.0,4441.8319952409465,8.39882218186629
KEN.29_1,Murang'a,2013,KEN,9.77241870760471,2213654.0,2.0,4414.609829541885,8.392674735303165
KEN.29_1,Murang'a,2014,KEN,10.415446144723731,2261318.0,2.0,4605.918382431719,8.435097360386836
KEN.29_1,Murang'a,2015,KEN,11.09920230112705,2314166.0,2.0,4796.199711311569,8.475579156504697
KEN.29_1,Murang'a,2016,KEN,11.70485451043227,2369767.0,2.0,4939.242765399413,8.504967312076019
KEN.29_1,Murang'a,2017,KEN,11.6590031205877,2411007.0,2.0,4835.740054088478,8.483789458033668
KEN.29_1,Murang'a,2018,KEN,12.55612520456123,2467043.0,2.0,5089.544529447289,8.534943622131513
KEN.29_1,Murang'a,2019,KEN,12.63927655280212,2425484.0,2.0,5211.032747609186,8.55853333921286
KEN.29_1,Murang'a,2020,KEN,12.41083457639548,2491105.0,2.0,4982.060000038328,8.51359873911338
KEN.29_1,Murang'a,2021,KEN,13.32753885830476,2541078.0,2.0,5244.836584435724,8.564999363898071
KEN.30_1,Nairobi,2012,KEN,45.6111099408582,4743456.0,1.0,9615.586176167377,9.171140620924602
KEN.30_1,Nairobi,2013,KEN,44.9999668592564,4861765.0,1.0,9255.890990053284,9.133015491584334
KEN.30_1,Nairobi,2014,KEN,48.9663014701723,5060198.0,1.0,9676.756022229229,9.177482002434273
KEN.30_1,Nairobi,2015,KEN,50.7827934285893,5175510.0,1.0,9812.133186601764,9.191374979134785
KEN.30_1,Nairobi,2016,KEN,51.2885748437713,5294437.0,1.0,9687.257558031439,9.178566647080718
KEN.30_1,Nairobi,2017,KEN,54.0988798985525,5479512.0,1.0,9872.937571548799,9.197552714442345
KEN.30_1,Nairobi,2018,KEN,56.0101366205371,5583401.0,1.0,10031.544684062115,9.213489875485266
KEN.30_1,Nairobi,2019,KEN,58.7783572365665,6663183.0,1.0,8821.363188819292,9.084931693613678
KEN.30_1,Nairobi,2020,KEN,59.0994082643903,6839231.0,1.0,8641.235873505413,9.064300892483704
KEN.30_1,Nairobi,2021,KEN,63.5901516889336,6973030.0,1.0,9119.443296376698,9.118164039141275
KEN.31_1,Nakuru,2012,KEN,5.30315531096542,1049227.0,2.0,5054.345066382603,8.528003561514282
KEN.31_1,Nakuru,2013,KEN,5.82717371011496,1075190.0,2.0,5419.668812130842,8.597789987793812
KEN.31_1,Nakuru,2014,KEN,6.18576442664462,1108376.0,2.0,5580.92599140059,8.62710998988714
KEN.31_1,Nakuru,2015,KEN,6.51091445935051,1125426.0,2.0,5785.2888233882195,8.66307356463703
KEN.31_1,Nakuru,2016,KEN,6.91378327706486,1143481.0,2.0,6046.259865327767,8.7071951557799
KEN.31_1,Nakuru,2017,KEN,6.63037681549115,1273951.0,2.0,5204.577582254851,8.557293821608729
KEN.31_1,Nakuru,2018,KEN,7.52910157547444,1255406.0,2.0,5997.343947276371,8.69907197474655
KEN.31_1,Nakuru,2019,KEN,7.85966094261795,1367120.0,2.0,5749.064414695089,8.656792410064797
KEN.31_1,Nakuru,2020,KEN,7.63573153509142,1395054.0,2.0,5473.4308027441375,8.60766090223288
KEN.31_1,Nakuru,2021,KEN,8.14025409741416,1421923.0,2.0,5724.820610830658,8.652566493578785
KEN.32_1,Nandi,2012,KEN,2.78620100024287,804549.0,1.0,3463.059428627554,8.14990770527959
KEN.32_1,Nandi,2013,KEN,3.03213782942163,824487.0,1.0,3677.605383009835,8.210017108219965
KEN.32_1,Nandi,2014,KEN,3.3064264438906,851978.0,1.0,3880.882421718166,8.263817835037306
KEN.32_1,Nandi,2015,KEN,3.53696248055572,879203.0,1.0,4022.9190307081753,8.299763045152211
KEN.32_1,Nandi,2016,KEN,3.72653262538231,904867.0,1.0,4118.320842048953,8.323200796657881
KEN.32_1,Nandi,2017,KEN,3.98261170681393,963514.0,1.0,4133.4238078677945,8.32686135168573
KEN.32_1,Nandi,2018,KEN,4.06826813241303,977874.0,1.0,4160.319358540088,8.333347119188558
KEN.32_1,Nandi,2019,KEN,4.26142160007067,991824.0,1.0,4296.550194460579,8.36556769932453
KEN.32_1,Nandi,2020,KEN,4.30518172054719,1021261.0,1.0,4215.554809737364,8.346536489232271
KEN.32_1,Nandi,2021,KEN,4.59742060620281,1041556.0,1.0,4413.992724541753,8.392534938546577
KEN.33_1,Narok,2012,KEN,3.967738668994065,1141647.0,9.0,3475.4514039751907,8.153479649987078
KEN.33_1,Narok,2013,KEN,4.088408272881639,1169814.0,9.0,3494.921648126659,8.159066236140983
KEN.33_1,Narok,2014,KEN,4.457899580975347,1173613.0,9.0,3798.4408667723924,8.242345963301341
KEN.33_1,Narok,2015,KEN,4.574668589940913,1181277.0,9.0,3872.6467965946285,8.261693479021135
KEN.33_1,Narok,2016,KEN,4.604829640972853,1201603.0,9.0,3832.238801811291,8.25120445494952
KEN.33_1,Narok,2017,KEN,4.547056608885801,1233360.0,9.0,3686.722942924857,8.212493251099538
KEN.33_1,Narok,2018,KEN,5.096863734365837,1263223.0,9.0,4034.809162250717,8.302714283984763
KEN.33_1,Narok,2019,KEN,5.531141882686563,1391450.0,9.0,3975.092085728242,8.287803193041041
KEN.33_1,Narok,2020,KEN,5.496844799089378,1432347.0,9.0,3837.648837250595,8.252615176094631
KEN.33_1,Narok,2021,KEN,5.820563865223722,1462409.0,9.0,3980.120380292874,8.289067344125815
KEN.34_1,Nyamira,2012,KEN,,,,,
KEN.34_1,Nyamira,2013,KEN,,,,,
KEN.34_1,Nyamira,2014,KEN,,,,,
KEN.34_1,Nyamira,2015,KEN,,,,,
KEN.34_1,Nyamira,2016,KEN,,,,,
KEN.34_1,Nyamira,2017,KEN,,,,,
KEN.34_1,Nyamira,2018,KEN,,,,,
KEN.34_1,Nyamira,2019,KEN,,,,,
KEN.34_1,Nyamira,2020,KEN,,,,,
KEN.34_1,Nyamira,2021,KEN,,,,,
KEN.35_1,Nyandarua,2012,KEN,5.42969681482082,990828.0,1.0,5479.958998757423,8.608852897935499
KEN.35_1,Nyandarua,2013,KEN,5.64794164332813,1015475.0,1.0,5561.871679094148,8.623689963527077
KEN.35_1,Nyandarua,2014,KEN,6.27899759652275,1035169.0,1.0,6065.673910755393,8.710400929921837
KEN.35_1,Nyandarua,2015,KEN,7.28991530815671,1068031.0,1.0,6825.565276810045,8.828430441064437
KEN.35_1,Nyandarua,2016,KEN,7.16901142138432,1101054.0,1.0,6511.044346039631,8.781255144155095
KEN.35_1,Nyandarua,2017,KEN,7.04172306592852,1038554.0,1.0,6780.314808790414,8.821778811831498
KEN.35_1,Nyandarua,2018,KEN,6.95188685499958,1090618.0,1.0,6374.263816477978,8.760023883590165
KEN.35_1,Nyandarua,2019,KEN,6.91465724720982,1150068.0,1.0,6012.389917126483,8.701577605244573
KEN.35_1,Nyandarua,2020,KEN,6.84194342206048,1178232.0,1.0,5806.957731635603,8.666812086481361
KEN.35_1,Nyandarua,2021,KEN,7.27463910515791,1201329.0,1.0,6055.492796026659,8.70872103930251
KEN.36_1,Nyeri,2012,KEN,3.71216497112291,842126.0,2.0,4408.087354057362,8.391196167800041
KEN.36_1,Nyeri,2013,KEN,3.58551811458857,865167.0,2.0,4144.307532058631,8.329490992589898
KEN.36_1,Nyeri,2014,KEN,4.02518560515803,932497.0,2.0,4316.566814861635,8.370215646499748
KEN.36_1,Nyeri,2015,KEN,4.6473871787820595,1004675.0,2.0,4625.76174263524,8.43939633749511
KEN.36_1,Nyeri,2016,KEN,5.20326685694905,1049328.0,2.0,4958.665790819506,8.508891989747266
KEN.36_1,Nyeri,2017,KEN,4.92341390835028,1036789.0,2.0,4748.713487845917,8.46562901567963
KEN.36_1,Nyeri,2018,KEN,5.46689951771409,1086428.0,2.0,5031.99431321182,8.523571668254801
KEN.36_1,Nyeri,2019,KEN,5.19926718163514,1018802.0,2.0,5103.314659408933,8.537645540814731
KEN.36_1,Nyeri,2020,KEN,4.86088727597543,1046556.0,2.0,4644.6509082891225,8.443471494126431
KEN.36_1,Nyeri,2021,KEN,5.13716188574507,1067117.0,2.0,4814.056833266709,8.479295424103555
KEN.37_1,Samburu,2012,KEN,0.5306145899363165,200767.0,7.0,2642.937285192868,7.879646185678367
KEN.37_1,Samburu,2013,KEN,0.5431924616971842,205814.0,7.0,2639.2396129378185,7.878246129250738
KEN.37_1,Samburu,2014,KEN,0.561112342012293,206709.0,7.0,2714.503683982279,7.906364410494071
KEN.37_1,Samburu,2015,KEN,0.600135144318452,209274.0,7.0,2867.700451649283,7.961265751233118
KEN.37_1,Samburu,2016,KEN,0.6187036810234628,214069.0,7.0,2890.20680726057,7.969083338151945
KEN.37_1,Samburu,2017,KEN,0.6194466272555312,217587.0,7.0,2846.891713454991,7.953983051238551
KEN.37_1,Samburu,2018,KEN,0.7325655188157799,222677.0,7.0,3289.812233934263,8.098585770378259
KEN.37_1,Samburu,2019,KEN,0.8399100217958342,259461.0,7.0,3237.1339885217208,8.082443645878273
KEN.37_1,Samburu,2020,KEN,0.7525187080523726,212519.0,7.0,3540.9479060807394,8.172149740363116
KEN.37_1,Samburu,2021,KEN,0.769689922299575,216717.0,7.0,3551.589964329402,8.175150659478259
KEN.38_1,Siaya,2012,KEN,4.71577421780704,1805361.0,2.0,2612.0948762087137,7.867907812940599
KEN.38_1,Siaya,2013,KEN,6.89838517089582,1851140.0,2.0,3726.5604821330753,8.223240964468605
KEN.38_1,Siaya,2014,KEN,4.8874720055513,1896929.0,2.0,2576.5181541066113,7.854194213777459
KEN.38_1,Siaya,2015,KEN,5.15962126162453,1936490.0,2.0,2664.4192645583144,7.887741400868055
KEN.38_1,Siaya,2016,KEN,5.62359990086502,1977885.0,2.0,2843.2390664093314,7.9526991976019
KEN.38_1,Siaya,2017,KEN,9.153059018909719,1916206.0,2.0,4776.657112497153,8.471496231977053
KEN.38_1,Siaya,2018,KEN,7.81441601430258,1964765.0,2.0,3977.277696977796,8.288352868512455
KEN.38_1,Siaya,2019,KEN,7.79891384500287,2231253.0,2.0,3495.30682759995,8.159176441258031
KEN.38_1,Siaya,2020,KEN,7.65514973991425,2290886.0,2.0,3341.5672975059647,8.114195226657332
KEN.38_1,Siaya,2021,KEN,8.27003697710599,2335454.0,2.0,3541.0832228363265,8.172187954472356
KEN.39_1,Taita Taveta,2012,KEN,1.4321864728418954,383361.0,8.0,3735.8689925211365,8.225735732492232
KEN.39_1,Taita Taveta,2013,KEN,1.4839233067925381,391479.0,8.0,3790.556598930053,8.240268147169619
KEN.39_1,Taita Taveta,2014,KEN,1.4978367457768802,401792.0,8.0,3727.890913151283,8.223597913883602
KEN.39_1,Taita Taveta,2015,KEN,1.583833840271846,409714.0,8.0,3865.705932118126,8.259899591722078
KEN.39_1,Taita Taveta,2016,KEN,1.6579103980927279,417974.0,8.0,3966.5395409588346,8.285649341420175
KEN.39_1,Taita Taveta,2017,KEN,1.7282328793706123,433580.0,8.0,3985.960790097819,8.290533663819646
KEN.39_1,Taita Taveta,2018,KEN,1.824735208048917,442888.0,8.0,4120.082747893185,8.323628526581976
KEN.39_1,Taita Taveta,2019,KEN,1.9131316988652622,449398.0,8.0,4257.0988274653255,8.356343180842996
KEN.39_1,Taita Taveta,2020,KEN,1.9726711375470216,475740.0,8.0,4146.532008128435,8.330027603173761
KEN.39_1,Taita Taveta,2021,KEN,2.182727676238189,488453.0,8.0,4468.654458541945,8.404842626307067
KEN.40_1,Tana River,2012,KEN,0.8893206230983619,271807.0,13.0,3271.8827075769273,8.093120849762542
KEN.40_1,Tana River,2013,KEN,0.8577859691802153,279706.0,13.0,3066.741396967585,8.0283708426485
KEN.40_1,Tana River,2014,KEN,0.8828237968349105,280842.0,13.0,3143.4892104276087,8.053088675473536
KEN.40_1,Tana River,2015,KEN,0.9702962334197772,284690.0,13.0,3408.2554126234754,8.133955830159595
KEN.40_1,Tana River,2016,KEN,0.976012004140974,284028.0,13.0,3436.3231939843045,8.142157339793687
KEN.40_1,Tana River,2017,KEN,0.852803887739886,255018.0,13.0,3344.09291791123,8.114950760275264
KEN.40_1,Tana River,2018,KEN,0.9261439204892046,273192.0,13.0,3390.0843380816586,8.128610078555196
KEN.40_1,Tana River,2019,KEN,1.0395647526013994,296604.0,13.0,3504.8912105076106,8.16191476061541
KEN.40_1,Tana River,2020,KEN,0.9138119831781375,258890.0,13.0,3529.7307087107943,8.168976860533187
KEN.40_1,Tana River,2021,KEN,0.9714652543642647,264148.0,13.0,3677.7308719515754,8.210051230097578
KEN.41_1,Tharaka-Nithi,2012,KEN,2.78808410051136,771669.0,1.0,3613.0570238163773,8.19230951397808
KEN.41_1,Tharaka-Nithi,2013,KEN,3.27958636422355,790833.0,1.0,4147.002419251031,8.330141043619983
KEN.41_1,Tharaka-Nithi,2014,KEN,3.34546470753157,816448.0,1.0,4097.584546145707,8.318152943997722
KEN.41_1,Tharaka-Nithi,2015,KEN,3.45534077425231,842151.0,1.0,4102.994325545312,8.319472309439844
KEN.41_1,Tharaka-Nithi,2016,KEN,3.76962113104758,867651.0,1.0,4344.628348319289,8.376695498556495
KEN.41_1,Tharaka-Nithi,2017,KEN,3.66975203726803,918678.0,1.0,3994.6009780010295,8.292698972861821
KEN.41_1,Tharaka-Nithi,2018,KEN,4.1617729684272,940121.0,1.0,4426.848212546257,8.395443145391742
KEN.41_1,Tharaka-Nithi,2019,KEN,3.95883149780757,843895.0,1.0,4691.1422603612655,8.45343138410211
KEN.41_1,Tharaka-Nithi,2020,KEN,3.68320546736748,856921.0,1.0,4298.18555895757,8.365948249597079
KEN.41_1,Tharaka-Nithi,2021,KEN,3.91745086871767,868418.0,1.0,4511.019887562982,8.414278546080341
KEN.42_1,Trans Nzoia,2012,KEN,1.22690554443694,391237.0,1.0,3135.9650146508134,8.0506922253656
KEN.42_1,Trans Nzoia,2013,KEN,1.23220366159833,400919.0,1.0,3073.447907428508,8.030555307261997
KEN.42_1,Trans Nzoia,2014,KEN,1.32178720102589,407385.0,1.0,3244.565217241405,8.084736634719553
KEN.42_1,Trans Nzoia,2015,KEN,1.34931866596276,407297.0,1.0,3312.861783815643,8.105567682086319
KEN.42_1,Trans Nzoia,2016,KEN,1.46854794862605,409398.0,1.0,3587.0911646516347,8.185096892501106
KEN.42_1,Trans Nzoia,2017,KEN,1.83609103006546,483915.0,1.0,3794.242852702355,8.241240158120217
KEN.42_1,Trans Nzoia,2018,KEN,1.80952614126853,488063.0,1.0,3707.566730664955,8.218131072680846
KEN.42_1,Trans Nzoia,2019,KEN,1.92903328630476,491437.0,1.0,3925.2911081273082,8.27519579514197
KEN.42_1,Trans Nzoia,2020,KEN,1.95203840904896,501299.0,1.0,3893.9603092145803,8.267181993074493
KEN.42_1,Trans Nzoia,2021,KEN,2.08973675136841,511122.0,1.0,4088.528279683539,8.315940350462919
KEN.43_1,Turkana,2012,KEN,2.2365805217709784,925835.0,27.0,2415.7441895920747,7.789762671657473
KEN.43_1,Turkana,2013,KEN,2.3788225409829677,947831.0,27.0,2509.753891762316,7.827939976227796
KEN.43_1,Turkana,2014,KEN,2.461803945813344,958980.0,27.0,2567.1066610495986,7.850534730864803
KEN.43_1,Turkana,2015,KEN,2.438095032412858,969110.0,27.0,2515.8083524190833,7.830349443384587
KEN.43_1,Turkana,2016,KEN,2.5554900731508208,991012.0,27.0,2578.6671333453287,7.855027929441735
KEN.43_1,Turkana,2017,KEN,2.4629849486672146,966913.0,27.0,2547.2663504029983,7.842776043678822
KEN.43_1,Turkana,2018,KEN,2.5246743014615527,981877.0,27.0,2571.2734909378187,7.852156576924585
KEN.43_1,Turkana,2019,KEN,2.6139144314443783,880879.0,27.0,2967.3932872101373,7.995439165335169
KEN.43_1,Turkana,2020,KEN,2.5186260539381062,805074.0,27.0,3128.440433970177,8.048289895452196
KEN.43_1,Turkana,2021,KEN,2.8571655551801727,818995.0,27.0,3488.62392954801,8.157262647916127
KEN.44_1,Uasin Gishu,2012,KEN,3.93438986522585,984735.0,1.0,3995.379330709125,8.292893805059268
KEN.44_1,Uasin Gishu,2013,KEN,3.99503301316094,1009212.0,1.0,3958.566696750475,8.283637293465498
KEN.44_1,Uasin Gishu,2014,KEN,4.46728029169791,1033070.0,1.0,4324.276468872304,8.372000114937224
KEN.44_1,Uasin Gishu,2015,KEN,4.52147645658017,1054866.0,1.0,4286.304096046483,8.36318012453073
KEN.44_1,Uasin Gishu,2016,KEN,4.6808909467911,1081377.0,1.0,4328.639268997861,8.373008515025107
KEN.44_1,Uasin Gishu,2017,KEN,4.70808344401817,1091255.0,1.0,4314.375140565835,8.36970778203855
KEN.44_1,Uasin Gishu,2018,KEN,4.84428771960966,1115617.0,1.0,4342.2498219457575,8.376147884929056
KEN.44_1,Uasin Gishu,2019,KEN,5.14207888825264,1159348.0,1.0,4435.31958329392,8.397354951514815
KEN.44_1,Uasin Gishu,2020,KEN,5.37630575308153,1190404.0,1.0,4516.370705308054,8.415464008992721
KEN.44_1,Uasin Gishu,2021,KEN,5.83918014436268,1213796.0,1.0,4810.67670709302,8.478593040749569
KEN.45_1,Vihiga,2012,KEN,,,,,
KEN.45_1,Vihiga,2013,KEN,,,,,
KEN.45_1,Vihiga,2014,KEN,,,,,
KEN.45_1,Vihiga,2015,KEN,,,,,
KEN.45_1,Vihiga,2016,KEN,,,,,
KEN.45_1,Vihiga,2017,KEN,,,,,
KEN.45_1,Vihiga,2018,KEN,,,,,
KEN.45_1,Vihiga,2019,KEN,,,,,
KEN.45_1,Vihiga,2020,KEN,,,,,
KEN.45_1,Vihiga,2021,KEN,,,,,
KEN.46_1,Wajir,2012,KEN,1.396972153667763,833112.0,19.0,1676.8119456540812,7.4246496181794015
KEN.46_1,Wajir,2013,KEN,1.5978577920305583,855554.0,19.0,1867.6293863748615,7.5324251978063925
KEN.46_1,Wajir,2014,KEN,1.4766421461643817,873302.0,19.0,1690.872282628898,7.4329998183282395
KEN.46_1,Wajir,2015,KEN,1.5769204760222233,907452.0,19.0,1737.7453309070047,7.460343765115817
KEN.46_1,Wajir,2016,KEN,1.773271419035964,941828.0,19.0,1882.7975161451602,7.540513990291552
KEN.46_1,Wajir,2017,KEN,2.1971304540629197,1007920.0,19.0,2179.865916008135,7.687018647473251
KEN.46_1,Wajir,2018,KEN,2.4624319220594484,1028460.0,19.0,2394.2904167973943,7.780842189035023
KEN.46_1,Wajir,2019,KEN,2.863971472175758,1043295.0,19.0,2745.1214394545723,7.91758059320352
KEN.46_1,Wajir,2020,KEN,3.020045091451665,1065077.0,19.0,2835.5180812764384,7.949979944184391
KEN.46_1,Wajir,2021,KEN,3.430631876340159,1089715.0,19.0,3148.1918449687846,8.054583549538352
KEN.47_1,West Pokot,2012,KEN,2.058866569434948,744930.0,5.0,2763.838977400492,7.924375926099556
KEN.47_1,West Pokot,2013,KEN,2.118123119864265,763381.0,5.0,2774.6605166545473,7.928283682356131
KEN.47_1,West Pokot,2014,KEN,2.3143778593206124,796094.0,5.0,2907.1665649039087,7.974934196785977
KEN.47_1,West Pokot,2015,KEN,2.417378261056368,825335.0,5.0,2928.966130185159,7.982404783150481
KEN.47_1,West Pokot,2016,KEN,2.6663001454221433,848624.0,5.0,3141.909898167084,8.05258614181848
KEN.47_1,West Pokot,2017,KEN,2.6815966795230066,933510.0,5.0,2872.59555818685,7.9629712757272415
KEN.47_1,West Pokot,2018,KEN,2.964994283548343,965016.0,5.0,3072.481993612896,8.03024098092274
KEN.47_1,West Pokot,2019,KEN,3.173863903761921,987312.0,5.0,3214.65140073444,8.075474201783365
KEN.47_1,West Pokot,2020,KEN,3.38701182140293,1073977.0,5.0,3153.7098293566155,8.056334762452542
KEN.47_1,West Pokot,2021,KEN,3.7151542975749967,1094579.0,5.0,3394.1399365189695,8.129805675503723
